{"cameraMode":{"drawMode":0,"name":"Shaded","section":"Shading Mode"},"sceneLighting":true,"audioPlay":false,"sceneViewState":{"showFog":true,"showMaterialUpdate":false,"showSkybox":true,"showFlares":true,"showImageEffects":true,"showParticleSystems":true},"in2DMode":false,"pivot":{"x":3.8906731605529787,"y":1.3694978952407838,"z":0.7655830383300781},"rotation":{"x":0.12032724916934967,"y":-0.19378289580345155,"z":0.0239698626101017,"w":0.9733577370643616},"size":4.0612921714782719,"orthographic":false}